district,missing_rate,female_ratio,literacy_rate,workers_ratio,male_total,female_total,child_total,risk_score,state
0,0.0,0.0,0.0,0.0,644.8421052631579,442.9789473684211,232.82105263157894,0.004918191656808294,Hra Pradesh
adilabad,0.000985285947185887,0.5003730065127484,0.5411228280350601,0.4828717962935738,402.0,237.0,45.0,0.5970161627307653,Telangana
agra,0.0006963629577664875,0.4647970929644426,0.6066153299189803,0.3145299501199082,448.0,280.0,153.5,0.457526300201212,Uttar Pradesh
ahmadnagar,0.008979821611693877,0.4843180703118689,0.6937661657890468,0.4852548634111199,6008.0,3644.0,760.0,0.6085231542472298,Maharashtra
ahmedabad,0.001797638310034841,0.47491920476558463,0.7534780243200067,0.35969934400438025,1810.8,1257.4,310.6,0.8618824574485424,Gujarat
aizawl,0.0,0.5022095431279336,0.8508302336445096,0.4362529945617011,0.0,0.0,0.0,0.7734261687321412,Mizoram
ajmer,0.005881846294288811,0.4873951434194898,0.5910345591184382,0.40793681273160587,2056.5,1538.0,603.5,0.9122639616807477,Rajasthan
akola,0.006930020499113965,0.48600754394108625,0.7780342531531402,0.42348059932543364,1868.0,1106.0,0.0,0.3105422974559726,Maharashtra
alappuzha,0.0055680467216921966,0.5238522240692098,0.8707616215705599,0.3780783714926621,1711.0,1092.0,424.0,0.917580719237322,Kerala
aligarh,0.0007236572994463857,0.4686840021568425,0.5695781772394322,0.3196506481279102,393.0,236.0,80.0,0.5583424324193061,Uttar Pradesh
alirajpur,0.01012918037392067,0.5026851888685718,0.2877287897514263,0.5031515818265868,919.0,828.0,234.0,0.9999971310512253,Madhya Pradesh
almora,0.002417212262126232,0.5324045069445114,0.7011932415109252,0.4790491979193775,229.0,127.0,73.0,0.9201277846739243,Uttarakh
alwar,0.0031877521520622598,0.47225597881866943,0.5940037216477477,0.46501327235281675,1671.0,1100.0,648.0,0.8686389616111857,Rajasthan
ambala,0.005476610715471821,0.4693995657375814,0.7249745203172775,0.3298081269109762,950.0,512.0,62.0,0.8808714158539761,Haryana
ambedkar nagar,0.0008584369430606459,0.494384224784477,0.6201036078415673,0.32837146689086394,287.0,200.0,103.0,0.504287011440726,Uttar Pradesh
amravati,0.00477925728090078,0.48734769053937327,0.7796149831483722,0.42802338282363,2010.0,1256.0,51.0,0.2910237439603128,Maharashtra
amreli,0.0010272491188646638,0.4907845118512208,0.6574201388200952,0.4339871482442758,212.0,156.0,0.0,0.9026428517099973,Gujarat
amritsar,0.0010954456382654874,0.47065833258386547,0.6764362481209769,0.3685197795279637,375.5,270.0,237.5,0.9242461048381443,Punjab
an,0.0009837609362168492,0.4804794659645585,0.7412527565470233,0.40367746667654203,288.53846153846155,198.53846153846155,43.46153846153846,0.6858293297148668,Gujarat
anantapur,0.0023893159513563365,0.49413865902437254,0.5662524368143473,0.49891991175032124,1321.0,986.0,620.5,0.9660135025413528,Hra Pradesh
anantnag,0.0008483377153591604,0.48106873880588713,0.5057347231647217,0.36125603972218207,145.0,71.5,35.5,0.9367928930448973,Jammu Kashmir
anjaw,0.0007987465842511647,0.4563707658147116,0.4719610714791893,0.49610242358388057,4.0,0.0,0.0,0.8790863355845208,Arunachal Pradesh
anugul,0.0,0.4852353666645471,0.6825574393890508,0.4133390798236173,0.0,0.0,0.0,0.5578821760218654,Odisha
anuppur,0.014639507900120799,0.4939998958940896,0.5827194866243925,0.4624317805981285,1486.0,1109.0,621.0,0.8420047005201817,Madhya Pradesh
araria,0.0021061908490713735,0.47953153559453815,0.4253027402137383,0.3805323646689802,745.0,656.0,652.0,0.9776835469705133,Bihar
ariyalur,0.00625985339822811,0.5036349474230819,0.6366509735141622,0.4766907671805578,623.0,495.0,350.0,0.9968943788528715,Tamil Nadu
arwal,0.001489651045371277,0.4813431824245944,0.5512661180892154,0.3372424351816313,134.0,113.0,136.0,0.9049391490534059,Bihar
ashoknagar,0.010483502722486594,0.47479324222461783,0.5551119373401762,0.3730692450693492,1236.0,860.0,459.0,0.857607773103603,Madhya Pradesh
auraiya,0.0005086049105879422,0.46356226147026736,0.6747413096346984,0.3204121648804497,108.0,58.0,20.0,0.2572308663101318,Uttar Pradesh
aurangabad,0.0028035523532673814,0.4804506945456277,0.6268139332361785,0.37768540469780965,1317.0,681.25,82.5,0.7451502724848407,Bihar
azamgarh,0.000900518105603316,0.5047578920538813,0.60077357332052,0.29736841591941593,575.0,408.0,52.0,0.6387179320873432,Uttar Pradesh
ba,0.001319862369614765,0.463226279725021,0.5573699156945888,0.3899550408189351,342.22222222222223,219.66666666666666,145.11111111111111,0.5369983641084796,Odisha
badgam,0.002007552515667201,0.47191556826247605,0.44530842658989445,0.28506457754280295,222.0,136.0,0.0,0.9949700435871779,Jammu Kashmir
bagalkot,0.0022031280975773194,0.4972297952323903,0.589184189248113,0.4329038942676076,604.0,381.0,99.0,0.8314459231492343,Karnataka
bageshwar,0.0034640567512099537,0.5216354108150121,0.690590154599112,0.4757173968249082,137.0,76.0,44.0,0.9204184840334886,Uttarakh
baghpat,0.0022446778078398354,0.46274427342661206,0.6123872643218055,0.3197848429221333,425.0,267.0,85.0,0.4425458074488741,Uttar Pradesh
bahraich,0.0011719034290153497,0.47132275969677706,0.4009391779354543,0.3303465777607275,629.0,338.0,359.0,0.9999876229151361,Uttar Pradesh
baksa,0.002433535961639315,0.49337683867063126,0.6029387153645764,0.4281304107570455,308.0,239.0,59.0,0.8867693907101306,Assam
balaghat,0.013405353229085485,0.5050954987312672,0.6743987476038639,0.5247781921351498,3054.0,2343.0,888.0,0.788699034297332,Madhya Pradesh
balangir,0.0,0.49660490589127815,0.5623175785037814,0.43699351787783725,0.0,0.0,0.0,0.6133404364702268,Odisha
ballia,0.001615155205167812,0.4836362042537535,0.6060885728448959,0.31467719661927035,760.0,478.0,167.0,0.5424420506812351,Uttar Pradesh
balrampur,0.0015815964139210745,0.4812029795244954,0.40413791819571687,0.35382574761537977,430.0,374.0,148.0,0.9972179426443853,Uttar Pradesh
banas kantha,0.0027984247144784004,0.4839365795162708,0.5463610709288814,0.4001274152332987,1162.0,904.0,434.0,0.999996608357639,Gujarat
bangalore,0.0042289413431381975,0.4779780307769506,0.7807759892349997,0.44139733812147336,6032.0,3594.5,550.0,0.7421543698352067,Karnataka
banka,0.0014686351367251362,0.47554580066572866,0.47441446497700224,0.37895322452786884,369.0,338.0,330.0,0.9385039250701389,Bihar
bankura,0.00906951148566055,0.4889458983494195,0.6208491511880143,0.4076599658462235,4593.0,3124.5,1422.0,0.9093813141557463,West Bengal
banswara,0.008183183718080892,0.49498660628600516,0.46139077655724525,0.5099202496821948,1911.0,1569.0,894.0,0.9764602191170747,Rajasthan
baramula,0.001081809282379416,0.46953143677972775,0.5408014967674862,0.3017740385044626,129.0,129.0,100.0,0.9233588902887324,Jammu Kashmir
baran,0.01075742862813969,0.481543727075334,0.5670040196114512,0.4519163691827063,1720.0,1392.0,570.0,0.917931656466041,Rajasthan
barddhaman,0.004427184198171875,0.48599201587340457,0.6799047834141425,0.3772241315036884,4624.5,3459.0,1829.0,0.86937424501106,West Bengal
bareilly,0.0005150006648672953,0.46999219262653935,0.49271180675840237,0.31516588476784363,339.5,202.5,128.0,0.7629305777336117,Uttar Pradesh
bargarh,0.0,0.49423900678816274,0.6641550577044466,0.5144907527738303,0.0,0.0,0.0,0.5497831501138252,Odisha
barmer,0.002610327069460732,0.47421162776317705,0.4563884949060029,0.4618268029469792,920.0,688.0,281.0,0.9540669346775102,Rajasthan
barnala,0.0,0.4668218233598141,0.6042228144147956,0.3515054733034774,0.0,0.0,0.0,0.9726607331721892,Punjab
barpeta,0.0002096385426770156,0.4880770325373667,0.529668367557814,0.33172927607222863,51.333333333333336,32.666666666666664,0.0,0.9533210368251126,Assam
barwani,0.0101804909929573,0.49538235966868727,0.39680607498046366,0.4718276677434787,1833.0,1505.0,643.0,0.9455224913609035,Madhya Pradesh
bastar,0.005005307088012925,0.505740522035467,0.4605600485140451,0.5141038169429784,928.5,745.0,379.5,0.8069230429068082,Chhattisgarh
basti,0.001010185542461703,0.490651111154393,0.5655521849781535,0.3179953125710094,344.0,245.0,108.0,0.6483725439911342,Uttar Pradesh
bathinda,0.0024626525953106936,0.4647579265767631,0.6084643776669487,0.3960936965484957,470.0,339.0,329.0,0.9629492444595248,Punjab
baudh,0.0,0.49763352237953407,0.6156740607758601,0.49745218309827227,0.0,0.0,0.0,0.5771357879155491,Odisha
begusarai,0.0022737858339822075,0.47226447976984665,0.5213437552284247,0.3158286655528404,855.0,743.0,956.0,0.9313878247906926,Bihar
belgaum,0.0013034930526765734,0.4930471010391741,0.6385457043920061,0.4405475618459133,886.0,588.0,126.0,0.7960795742013644,Karnataka
bellary,0.0013270070161003134,0.4956550103054112,0.5796395246667305,0.45538704922745094,511.0,259.0,90.0,0.8264670761059862,Karnataka
betul,0.013353515280678123,0.49266517790831565,0.596541620275213,0.49955502290902026,2798.0,2179.0,732.0,0.8304526875807751,Madhya Pradesh
bhadrak,0.003065544567154049,0.49529222212559343,0.72635804604149,0.3110851024704299,614.0,478.5,280.0,0.4888848189724824,Odisha
bhagalpur,0.0024627894346910357,0.4681410615564201,0.5178364627163514,0.32376687341947996,965.0,805.0,740.0,0.9289639649065083,Bihar
bhara,0.014437436307365712,0.49554040791979564,0.7496746738824361,0.4976156636402868,2588.6666666666665,1511.3333333333333,295.3333333333333,0.4198211410698591,Maharashtra
bharatpur,0.002250660649794058,0.468021889280672,0.5810834142317994,0.42031389912818007,864.0,493.0,157.0,0.8779875831094373,Rajasthan
bharuch,0.0036299065066031986,0.48053054153430746,0.7209943914291186,0.4043303144577855,878.0,454.0,132.0,0.8699842763633914,Gujarat
bhavnagar,0.0005656987117760698,0.48263466609266537,0.6552138357465113,0.39947437217158244,225.5,160.0,45.5,0.9071427630716932,Gujarat
bhilwara,0.008357810561583955,0.4931599158488418,0.5215337366510513,0.4767091698937482,2662.0,2100.5,1025.5,0.952936454087522,Rajasthan
bhind,0.0016306388265728482,0.45576025907146483,0.6429323460588783,0.3057935825203097,372.0,285.0,424.0,0.7836175428874605,Madhya Pradesh
bhiwani,0.002190389918240016,0.46974538757804635,0.6545775477302693,0.3811728140133195,562.5,284.5,144.5,0.9016822103154227,Haryana
bhojpur,0.00025251476765211696,0.47574537083360363,0.5861116028510409,0.30145539136939614,130.0,33.0,88.0,0.8856586436488365,Bihar
bhopal,0.0022289042622379938,0.478659553676603,0.7003995257819179,0.3658518275151926,735.6666666666666,514.6666666666666,768.3333333333334,0.7544000258508339,Madhya Pradesh
bid,0.12152093358259988,0.47811202031373484,0.6647870117742449,0.485696015820203,41931.0,32390.0,17976.0,0.9999978547611965,Odisha
bidar,0.0014913914809862453,0.48883637644572303,0.6121487700346386,0.4124980919391769,376.0,225.0,72.0,0.813186787556501,Karnataka
bijapur,0.00724348661702331,0.49281302667196825,0.4569267798209253,0.47657791392997073,476.5,306.5,82.0,0.9273723524133924,Chhattisgarh
bijnor,0.0010742770707436583,0.47831530722051924,0.5798423607813045,0.29544414674724856,577.0,359.0,151.0,0.6044999823291567,Uttar Pradesh
bikaner,0.0023977351617661923,0.4751124924225984,0.5409623860534354,0.41718878294979944,916.0,425.0,364.0,0.9116831911653571,Rajasthan
bilaspur,0.002372429186091457,0.4939529029561287,0.6762057278060433,0.4953524176077363,219.5,155.5,52.0,0.8609410283372828,Chhattisgarh
bipore,0.0012787747527374545,0.4705174488567991,0.4741556017866977,0.3806854106753146,75.0,43.666666666666664,25.0,0.9425452592414593,Jammu Kashmir
birbhum,0.004791070913500576,0.48865978910485486,0.6162758493880204,0.3801968590716548,2369.0,1601.0,393.0,0.8918093513752925,West Bengal
bishnupur,0.0023501921883068815,0.4996524837931078,0.658524256631241,0.4630895665103897,81.0,51.0,10.0,0.9521230425082942,Manipur
bokaro,0.0003402187629414511,0.4798082751063118,0.6175151406418953,0.33232702816717014,88.0,78.0,96.0,0.8716477889932781,Jharkh
bongaigaon,0.002620261117485401,0.4913156940135679,0.5875414859692151,0.34624338796216586,251.5,206.5,72.0,0.9210131807772934,Assam
budaun,0.0008058865868352047,0.46555823412719965,0.4202935118210835,0.30075347049454954,434.0,268.0,127.0,0.9581160299424638,Uttar Pradesh
buldana,0.006483338332840899,0.48282035280316193,0.7268702503771859,0.4715852014764188,2506.0,1461.0,447.0,0.3903379987304431,Maharashtra
bulshahr,0.0006547001682879793,0.4726579524121571,0.580610664640282,0.3352965602424117,333.0,209.0,83.0,0.5218395957724806,Uttar Pradesh
bundi,0.012639521941564162,0.48046009293315545,0.5266368171564471,0.4735693208966375,1838.0,1484.0,522.0,0.9420526054153209,Rajasthan
burhanpur,0.010072668533890414,0.48735826624635314,0.5392632022030832,0.4332523583256251,1071.0,735.0,397.0,0.8576212856285735,Madhya Pradesh
buxar,0.00019321209486815492,0.47960502873967387,0.5800719898356259,0.3154812137237803,54.0,24.0,38.0,0.8879497309519425,Bihar
cachar,0.0010331942461671816,0.48964912816124684,0.6761007176596797,0.3501416835145573,240.0,184.5,128.5,0.8560056593995444,Assam
central,0.02402562088743087,0.47138858359664787,0.7596510509685397,0.3561169116636901,2151.0,1159.0,1010.0,0.27191870853698463,Delhi
chamarajanagar,0.003904659724360881,0.49820188461692944,0.5537656582003564,0.4718820992739944,579.0,364.0,93.0,0.8459186558791637,Karnataka
chamba,0.0046902556997641875,0.4965708561300763,0.623876859058334,0.5664541111196733,323.0,253.0,100.0,0.952627993191275,Himachal Pradesh
chamoli,0.002299003898126849,0.5046258347058898,0.716425990475096,0.4620472159446381,134.0,79.0,48.0,0.887031727811505,Uttarakh
champawat,0.0066092074589741,0.49498937022430367,0.6844882302193739,0.3834653068770027,259.0,147.0,96.0,0.9402764653904484,Uttarakh
champhai,0.0,0.49590043341683565,0.8016382361127679,0.479875939401169,0.0,0.0,0.0,0.7874567114621711,Mizoram
changlang,0.0014257846927027314,0.48087380081767034,0.493665079000985,0.42479726903512205,34.0,16.0,22.0,0.9095302052575187,Arunachal Pradesh
chatra,0.0015137776929581433,0.488021701317306,0.48908605542695943,0.3813360233045606,232.5,141.0,90.0,0.9503752589376421,Jharkh
chel,0.0,0.48274403184863574,0.6263056414809061,0.5287622588117795,0.0,0.0,0.0,0.9287576172951464,Manipur
chennai,0.003724293544700803,0.497314671902748,0.8126735090381799,0.39109141650519125,2470.6666666666665,1623.6666666666667,877.6666666666666,0.8993872947124985,Tamil Nadu
chhatarpur,0.009933907310605507,0.4688298460883751,0.5350921341939144,0.42658174338605576,2432.0,1710.0,908.0,0.8578699654172741,Madhya Pradesh
chhindwara,0.011686204171326035,0.490909751774576,0.6189604394616346,0.4581634322083751,3320.0,2461.0,295.0,0.8277491476697934,Madhya Pradesh
chigarh,0.011257229337060406,0.4498431948458004,0.7631228385996495,0.38290397460798714,1732.0,1079.0,610.0,0.0,Chigarh
chikkaballapura,0.006445706883271863,0.49292090535923716,0.6240295624904391,0.5097410254449034,1096.0,818.0,85.0,0.7978403425157514,Karnataka
chikmagalur,0.0038963363699058623,0.5020725666345331,0.7191327295047897,0.49718224086765717,655.5,393.5,90.0,0.7413146346027388,Karnataka
chirang,0.0011352332975614785,0.4921623852564076,0.5390345983300219,0.40213455228740547,84.0,45.5,56.0,0.9308635366461369,Assam
chitradurga,0.006133368710712625,0.4933020218674071,0.6552701608237881,0.5161854246210806,1386.0,1022.0,102.0,0.7788981491477159,Karnataka
chitrakoot,0.0002152317117352108,0.4678783539874764,0.5355005898782935,0.3974841942867514,31.0,19.5,21.5,0.5306954936699365,Uttar Pradesh
chittaurgarh,0.01418010892433568,0.4928759118793943,0.5321535829591708,0.5198052498870066,2811.0,2370.0,883.0,0.9479153105976228,Rajasthan
chittoor,0.002786747744357765,0.49924006915083236,0.6391559880250998,0.46318336278504596,1499.0,1253.0,722.0,0.934780348498461,Hra Pradesh
chrapur,0.010024710313100505,0.4901644825335128,0.7161502458595831,0.4800474707016763,3234.0,1994.0,0.0,0.49403344889158274,Maharashtra
churachpur,0.0,0.4936219418332768,0.7147182309962319,0.44741248180694015,0.0,0.0,0.0,0.9028153966446214,Manipur
churu,0.004953047758612345,0.4844708163136226,0.5634922852966859,0.44266153219317816,1331.0,1059.0,360.0,0.908469576199435,Rajasthan
coimbatore,0.004028088538532374,0.49992061988782677,0.7622535276435095,0.4534209358177814,1975.0,1320.5,745.5,0.9135860361069148,Tamil Nadu
cuddalore,0.005993254167825576,0.49664609039285257,0.6966005017817165,0.4489326969347415,2073.0,1622.0,259.0,0.969162305352806,Tamil Nadu
cuttack,0.0,0.4845587871074922,0.7664286503560719,0.3567825122786696,0.0,0.0,0.0,0.5321313294388643,Odisha
dadra nagar haveli,0.0038860153413460452,0.43626730751886045,0.6494738281511395,0.4572501738389161,186.0,130.0,0.0,0.9999960354924236,Dadra Nagar Haveli Daman Diu
dakshin bastar dantewada,0.0032316308673335284,0.5050165093190515,0.35836465918843863,0.5370588301432806,238.0,170.0,88.0,0.9936082426371061,Chhattisgarh
dakshin dinajpur,0.017627962075065687,0.48862896086324686,0.6464836339600399,0.4193742557908125,3894.0,3097.0,1504.0,0.9049312457470492,West Bengal
dakshina kannada,0.0011124940028043493,0.5048383723773705,0.7974176524382803,0.47745865453959013,370.0,180.0,64.0,0.6931746074172512,Karnataka
damoh,0.0031795564238377666,0.47645700626236437,0.591444203891889,0.4545059044358612,522.0,429.0,600.0,0.7929367328116483,Madhya Pradesh
darbhanga,0.0014964534910028545,0.47682306911820915,0.4613808403293049,0.3107747908827813,735.0,659.0,725.0,0.9723027587695255,Bihar
darjiling,0.003222446477000357,0.49250198855006677,0.7123503443481048,0.3702173949533875,827.0,581.0,110.0,0.8197149174238672,West Bengal
darrang,0.0018163490873960467,0.48812816370490036,0.524543887991384,0.3498578352180937,230.0,169.0,68.0,0.9564080772706773,Assam
datia,0.00804787433091186,0.46596140597950564,0.6246488737267304,0.40820891917931146,897.0,601.0,271.0,0.7909123723925788,Madhya Pradesh
dausa,0.0036024561547538373,0.4751699238073212,0.5739389589753849,0.41880275989669663,874.0,519.0,349.0,0.8927266178055372,Rajasthan
davanagere,0.005255495098071934,0.49298302695917806,0.6725993409396159,0.44986293990687215,1464.0,955.0,124.0,0.7856365585456158,Karnataka
dehradun,0.006354995787175247,0.4741544438773285,0.7423294948882946,0.3434726591830937,1664.0,887.0,60.0,0.9036982425770186,Uttarakh
deoghar,6.798756742670528e-05,0.4805736716635178,0.5318359088328788,0.3695978682008186,19.5,4.5,22.0,0.773466555039193,Jharkh
deoria,3.271337639967495e-05,0.5042042009115928,0.6047312658782191,0.28257376942391127,12.0,12.0,16.0,0.6175545284975313,Uttar Pradesh
dewas,0.0,0.4849707267628692,0.5917759949862986,0.4749433240712022,0.0,0.0,0.0,0.7824542251170571,Madhya Pradesh
dhalai,0.005481398434423618,0.4856462998704492,0.730288448827433,0.4120006345345425,284.0,206.5,31.5,0.9972570880749461,Tripura
dhamtari,0.010305566289473803,0.5024925573375711,0.6837284206551544,0.5037566533838639,1098.0,852.0,227.0,0.8175120086778142,Chhattisgarh
dhanbad,2.51922530432733e-05,0.4762664151474751,0.6415393332133849,0.31458673482121535,9.0,7.0,4.0,0.8570638993510626,Jharkh
dhar,0.01765509582825883,0.490928463948782,0.49288198836760844,0.4702979650863554,4994.0,4136.0,1995.0,0.9280425620130955,Madhya Pradesh
dharmapuri,0.003789620111366743,0.48614221919602774,0.6090276160157362,0.49850581646528536,743.0,608.0,454.0,0.9869035478753261,Tamil Nadu
dharwad,0.0018318814510634067,0.49258563645390446,0.7047362160622797,0.424917827227923,509.0,291.5,51.0,0.7578418409957957,Karnataka
dhaulpur,0.002644978818427921,0.45823594548269564,0.5661740084673555,0.43365525198173915,484.0,271.0,102.0,0.8728149833926286,Rajasthan
dhemaji,0.002063691768892793,0.4880744695270451,0.6165393589872518,0.4617180634075318,192.33333333333334,142.66666666666666,81.66666666666667,0.8605210268606767,Assam
dhenkanal,0.0,0.4864291157610049,0.6957598479557952,0.36513160928261057,0.0,0.0,0.0,0.5630406167087156,Odisha
dhubri,0.002979378914401302,0.48808828795367265,0.47317543393434836,0.34362767781381426,770.0,604.0,749.0,0.9999968344541811,Assam
dhule,0.0064838149657393445,0.4860546443397947,0.6309132452597981,0.45657386991421167,1954.0,1192.0,0.0,0.6591239625661508,Maharashtra
dibang valley,0.0,0.4485257371314343,0.5542228885557221,0.4441529235382309,0.0,0.0,0.0,0.8341677328482409,Arunachal Pradesh
dibrugarh,0.00016252690994188207,0.4899976250343993,0.6668986342062903,0.4226360610253066,35.0,16.0,23.0,0.8354487536253784,Assam
dima hasao,0.0,0.4824803131217831,0.6579714341762337,0.39713781281818944,0.0,0.0,0.0,0.842132389731808,Assam
dimapur,0.00016736976634302203,0.4789116472330529,0.7339728782955088,0.3995396121020773,9.0,6.0,11.0,0.4444393906450394,Nagal
dindigul,0.00665002376268052,0.49951360674144296,0.6861057286059891,0.5116991353265965,1929.0,1469.0,1066.0,0.9572263073938363,Tamil Nadu
dindori,0.011392984459669055,0.5004953699235228,0.537545917527295,0.5534587891966775,1028.0,871.0,428.0,0.8379006597371339,Madhya Pradesh
doda,0.0035159820749799614,0.47884303891339136,0.5344322040513642,0.37057491901174816,190.0,151.0,18.0,0.9201984675468434,Jammu Kashmir
dumka,0.00024309376425756384,0.49410265452437563,0.5088448830898367,0.47280092505005894,38.0,38.0,12.0,0.9100053135147607,Jharkh
dungarpur,0.010191348044713317,0.49837528590935015,0.4908645841135226,0.4620028634145498,1762.0,1586.0,853.0,0.9791977809277594,Rajasthan
durg,0.00687507984850831,0.4969601109133364,0.6888355774383709,0.4476262847381718,3169.0,2270.0,1006.0,0.8364313746986181,Chhattisgarh
east,0.013748583891307634,0.4675499297935018,0.7736594681555724,0.4158390138908141,985.3333333333334,597.0,327.6666666666667,0.2625310463735583,Sikkim
east garo hills,7.977114600120977e-05,0.49287707168852246,0.6043935995873136,0.3965594793609653,3.0,3.0,4.0,0.9013067392496049,Meghalaya
east godavari,0.0019205511033026429,0.5014473363578653,0.6380264152466215,0.40620115724824496,1397.0,945.0,642.0,0.9526225045250902,Hra Pradesh
east kameng,0.0,0.5072436141822341,0.4886135468293303,0.4029736942432329,0.0,0.0,0.0,0.9383406841983238,Arunachal Pradesh
east khasi hills,0.0,0.5026782190085747,0.6998602773627534,0.3956620600976848,0.0,0.0,0.0,0.8461899348451183,Meghalaya
east siang,0.0,0.49486967565061385,0.6307174390710988,0.40540649505110166,0.0,0.0,0.0,0.8367800608093997,Arunachal Pradesh
ernakulam,0.0023661690203520725,0.5065918471551809,0.8699995247362591,0.3806201460643897,1161.0,676.5,261.5,0.8842435334533256,Kerala
erode,0.00396820683855015,0.4982253755311439,0.6628915187516876,0.531043049298677,1234.0,880.0,869.0,0.951619903712939,Tamil Nadu
etah,0.0005931118085667712,0.4661314864072855,0.594654208556873,0.30768675893782965,153.5,95.5,61.5,0.49080704189092594,Uttar Pradesh
etawah,0.0022178496828855637,0.4652606823828399,0.6713846795759288,0.3199322295345206,503.0,327.0,290.0,0.3014650082579173,Uttar Pradesh
faridabad,0.009241870462462876,0.4661588201132432,0.7032744609287669,0.32006323584749796,2459.0,1498.0,392.0,0.9194684186969027,Haryana
faridkot,0.0009103688414548094,0.47098499128756227,0.6174575875940069,0.35878887399029646,70.0,63.0,71.0,0.9676378537962809,Punjab
fatehabad,0.008493818416176259,0.4741462679310539,0.5919017930788494,0.3918032804287848,1147.0,746.0,261.0,0.9676977420640274,Haryana
fatehgarh sahib,0.00253537156638446,0.46548687606533556,0.7098621541147988,0.3578744441093503,186.0,174.0,148.0,0.900622052217018,Punjab
fatehpur,0.0007345013759557383,0.4740362961226984,0.5743711952560324,0.40411579905748135,306.5,151.0,155.5,0.45650056447489074,Uttar Pradesh
firozabad,7.106210499378993e-05,0.4667883030523314,0.6091717250644075,0.3048332450015131,24.0,18.0,31.0,0.45019183614040953,Uttar Pradesh
firozpur,0.001087379020096948,0.4718590844887865,0.6049611793359927,0.3729262708013606,308.0,214.0,158.0,0.9753502513849531,Punjab
gadag,0.002862657390335256,0.49543289778971794,0.6577087462543563,0.4656546774754126,433.0,288.0,52.0,0.7787725949081038,Karnataka
gadchiroli,0.007287923661149006,0.4954731942639956,0.6602081007174666,0.544518715829933,1104.0,746.0,191.0,0.48297543169792817,Maharashtra
gajapati,0.0,0.5104297727481192,0.4543601174766405,0.5086956596984858,0.0,0.0,0.0,0.654466856709589,Odisha
ganganagar,0.010775297755600197,0.47016201766431304,0.606013808877658,0.4634810234576227,2869.0,2151.0,608.0,0.8886498424852407,Rajasthan
ganjam,0.0,0.49583384220767684,0.6262483950976911,0.42554797620083246,0.0,0.0,0.0,0.5867641535373527,Odisha
garhwa,0.0,0.4832300662844425,0.49401565183733703,0.4319911640902823,0.0,0.0,0.0,0.9219201554124488,Jharkh
garhwal,0.002361628264671524,0.5244539635747761,0.7200783970224264,0.39889941522339806,244.0,140.0,50.0,0.926624463185326,Uttarakh
gautam buddha nagar,0.007014200097549238,0.45985929379927976,0.6813523328165814,0.34530903486710574,1630.0,1105.0,429.0,0.3082871551925231,Uttar Pradesh
gaya,0.00019587002029241104,0.4838646651263897,0.5232052608064184,0.37893500459304946,127.5,76.0,98.0,0.9090650068326849,Bihar
gerbal,0.003779913278706565,0.4663905381144813,0.48168743234066014,0.33918761724817276,179.0,87.0,57.0,0.9534925429820782,Jammu Kashmir
ghaziabad,0.0014373181737701328,0.4683847237456065,0.6671296093573946,0.32478712076631183,989.0,603.0,341.0,0.3254472960657799,Uttar Pradesh
ghazipur,0.0020793688338744455,0.48758627814294414,0.6070127957377741,0.33273834975753175,1074.0,707.0,776.0,0.546569098433232,Uttar Pradesh
ghinagar,0.002941849976572821,0.47989046907030203,0.7404287973512541,0.38439004622228223,573.6666666666666,395.0,156.66666666666666,0.8586674885501199,Gujarat
giridih,0.0006671639745764972,0.48554022655730544,0.5125693423851573,0.42375302293134176,238.0,148.0,78.0,0.917971569663041,Jharkh
goalpara,0.0010250565517352646,0.49087417661277766,0.5590026810608788,0.35963014651109965,135.0,109.5,49.5,0.9303541378321591,Assam
godda,0.0005985140326650925,0.4838974657245893,0.4602173802159185,0.42038032782891566,119.0,67.0,44.0,0.9502929840862713,Jharkh
golaghat,0.009599374082155297,0.4908922023680086,0.676513373475004,0.4498391583746373,1533.5,889.5,412.5,0.855717199533338,Assam
gonda,0.0005058946744211971,0.4795608166645748,0.48923518580374203,0.340879327671969,242.0,169.0,74.0,0.7703334962417093,Uttar Pradesh
gondiya,0.006519893780456849,0.4997727800306539,0.7593479656440382,0.503149699774746,1242.0,798.0,0.0,0.28410371652558825,Maharashtra
gopalganj,0.0027815363713901095,0.5052068452450652,0.5398093373489273,0.2842301285083754,871.0,815.0,622.0,0.9590031274551937,Bihar
gorakhpur,0.0008527973402976532,0.4870905526926442,0.6080594114474672,0.30435959418090275,561.0,335.0,57.0,0.5481326636091277,Uttar Pradesh
gumla,0.0022428133246874932,0.49826036150536523,0.545954840603855,0.47551874586061627,324.0,220.0,189.0,0.8957339105351461,Jharkh
guna,0.008249134339275111,0.4769616896720872,0.5267579473209834,0.4147314700781865,1471.0,952.0,469.0,0.8611088343767349,Madhya Pradesh
guntur,0.002515576167305724,0.5006926410646234,0.6056780404651324,0.4872575935290487,1756.6666666666667,1152.3333333333333,592.6666666666666,0.9519019553994198,Hra Pradesh
gurdaspur,0.0002464348178155497,0.47239052126267717,0.7112659969899792,0.3294306326830476,82.5,51.5,61.5,0.909069376179619,Punjab
gurgaon,0.008813951986693795,0.46072851075518745,0.7336849723196551,0.3596833664370536,1825.0,1333.0,894.0,0.8742309210583599,Haryana
gwalior,0.01497022877852966,0.46343125810763197,0.6679064740978998,0.33725337543232503,4460.0,2737.0,1368.0,0.8248519768482522,Madhya Pradesh
hailaki,0.004731341038110034,0.487498786584478,0.6178802844245984,0.32495267679464157,484.0,254.0,248.5,0.910786572474992,Assam
hamirpur,0.004648448244543368,0.4925971774136026,0.6895091492958689,0.4668727186116634,400.0,308.5,254.0,0.5680871067861718,Himachal Pradesh
hanumangarh,0.007354660543073322,0.47529824893559,0.582712943992535,0.4706506819211446,1756.0,1332.0,439.0,0.8882523733149911,Rajasthan
haora,0.0025526035489254425,0.48437029964150724,0.7433369986035135,0.37522352959126637,1758.8,1170.2,595.8,0.7973284041008329,West Bengal
harda,0.021086972131686945,0.48316198189196535,0.6180046102740746,0.4048960058899319,1590.0,1256.0,515.0,0.8436621184611046,Madhya Pradesh
hardoi,0.0005824546792725015,0.4645675563086313,0.5428011566526463,0.32225652327415283,343.0,221.0,157.0,0.6073487197209773,Uttar Pradesh
hardwar,0.006604805920964522,0.4682166204159706,0.623328547805728,0.3058158442929674,2017.0,937.0,697.0,0.9999965294183374,Uttarakh
hassan,0.0030574936345698824,0.502557670732332,0.6897328955242029,0.5086519468076542,770.0,515.0,37.0,0.7555873999476366,Karnataka
haveri,0.003648262354953663,0.48729773645087715,0.6793920889696733,0.4569572652140495,800.0,579.0,84.0,0.7663133736317861,Karnataka
hazaribagh,0.001079540665199103,0.48637442022029465,0.5841752210297522,0.37742167028443435,276.0,167.0,112.0,0.8880005955134306,Jharkh
hingoli,0.0038485698570005396,0.48503284933473195,0.6716323592489882,0.48344537922189335,722.0,350.0,0.0,0.44462654613939834,Maharashtra
hisar,0.004880121881040334,0.46582634290003444,0.6389650737328484,0.39658736498175673,1235.5,778.0,188.5,0.916901757109405,Haryana
hoshiarpur,0.0022417550650677643,0.4900767352083826,0.7561326715512487,0.31502213818640196,502.5,339.0,251.5,0.9078781146171172,Punjab
idukki,0.006399376532973216,0.5015140120507785,0.8323098647939446,0.4656222778892923,1052.0,627.0,354.0,0.8867530113353214,Kerala
imphal east,0.002390867936674605,0.5043026618403773,0.7118060656021644,0.4271923843433535,175.0,83.0,53.0,0.9307339012391165,Manipur
imphal west,0.0013219051499409225,0.5076101561414076,0.7579769571730838,0.4119503776120095,106.0,56.0,53.0,0.9016685303802497,Manipur
indore,0.007943496956461326,0.48129869804867526,0.7047127030665331,0.38703456560066435,3700.0,2458.0,1176.3333333333333,0.783025870065638,Madhya Pradesh
jabalpur,0.009743760377488487,0.48147456510381037,0.7130580293258323,0.40824442442604175,3436.5,2242.0,1171.5,0.773675571654842,Madhya Pradesh
jagatsinghapur,0.0,0.49175044921990096,0.7819258362790256,0.3550213681791356,0.0,0.0,0.0,0.529883251435642,Odisha
jaintia hills,0.00019790039048097653,0.5032318968222634,0.4746029094663954,0.3902066186817303,17.0,1.5,19.5,0.9999506073859329,Meghalaya
jaipur,0.00144554800420565,0.4765448498365121,0.6490868491610096,0.3719931761567528,1378.2857142857142,887.8571428571429,419.14285714285717,0.8589274614754038,Rajasthan
jaisalmer,0.0015457957948897102,0.4600720385598856,0.46073181981702266,0.43125064373454103,155.0,90.0,34.0,0.9389802823989802,Rajasthan
jajapur,0.0,0.49319283359384236,0.7062503557371091,0.30223096423364376,0.0,0.0,0.0,0.5758943537039973,Odisha
jalaun,0.00017007372428827594,0.4638426389991799,0.6362204388943262,0.3673216274333215,62.0,6.0,6.0,0.294353470585498,Uttar Pradesh
jalgaon,0.007346525411249445,0.4805181756521464,0.6836734621506758,0.4405691648323123,4595.0,2757.0,649.0,0.6154580307526831,Maharashtra
jalhar,0.0026976208553537995,0.4779284187108803,0.7396719532820627,0.35306141986424083,850.5,549.5,181.0,0.8990750104396192,Punjab
jalna,0.0015707066340911247,0.4836910414558923,0.6102577479038267,0.4751731199777851,628.0,100.0,0.0,0.5849087138240303,Maharashtra
jalor,0.00538304774103594,0.487822696625527,0.45363831730217147,0.4903096684584384,1281.0,1048.0,347.0,0.968991586720424,Rajasthan
jalpaiguri,0.0040112048140213165,0.48795691850385997,0.645205102397565,0.3906455356086971,2154.3333333333335,1521.0,668.0,0.8660370026114177,West Bengal
jammu,0.0007234245595358033,0.4680762478447121,0.7432458930245144,0.33244180559204894,188.14285714285714,73.71428571428571,0.5714285714285714,0.7809198065267938,Jammu Kashmir
jamnagar,0.001260133400411713,0.4841987871964461,0.6465079007221362,0.3923117198635816,412.0,232.0,89.0,0.9203829405970889,Gujarat
jamtara,0.0011220910138960145,0.4882319775688269,0.5389246083014555,0.4129123358810278,130.0,80.0,40.0,0.9067735343752966,Jharkh
jamui,0.0007947375493235218,0.4796288354100335,0.4877218594584769,0.4132975082438416,182.0,149.0,182.5,0.9195615472608073,Bihar
janjgir - champa,0.01247643812189876,0.49637990080922045,0.629517560892186,0.5226043969680936,2688.0,2093.0,1155.0,0.8602933559645574,Chhattisgarh
jashpur,0.008843927883614622,0.5012769045251148,0.5816989933882765,0.5722410936643226,988.0,794.0,392.0,0.8565051928134547,Chhattisgarh
jaunpur,0.0009749777051899533,0.5059269672671735,0.6078222083376723,0.31982860591108014,662.6666666666666,374.0,332.6666666666667,0.5985370285226733,Uttar Pradesh
jehanabad,0.0017878947500939598,0.4796274458750588,0.5499634323961422,0.32469010844094043,256.0,220.0,234.0,0.9099757213127773,Bihar
jhabua,0.01358275054375343,0.4975620653862063,0.3434775737331325,0.502533539892766,1761.0,1533.0,709.0,0.9773621218373637,Madhya Pradesh
jhajjar,0.008833650467322098,0.4629963324481821,0.705433506711672,0.3407056515773603,1197.0,806.0,245.0,0.8962620991487494,Haryana
jhalawar,0.010219993929232748,0.4861256483283952,0.5242554011716859,0.48610013684078496,1908.0,1504.0,669.0,0.9394575411114848,Rajasthan
jhansi,0.0029227376931915653,0.4709124323339853,0.6527124196251082,0.4077418076526454,942.0,440.0,181.0,0.2780272106915645,Uttar Pradesh
jharsuguda,0.0,0.48802857611237177,0.7003891252016807,0.4274458373957084,0.0,0.0,0.0,0.5485558214199867,Odisha
jhunjhunun,0.006873049537706776,0.4871909576073503,0.6412405915645202,0.41863835342727923,1918.0,1557.0,469.0,0.8775745149625029,Rajasthan
jind,0.0005797678258621442,0.46557363778639915,0.6241852502563426,0.3923256120741864,121.0,62.0,11.0,0.9076524992251362,Haryana
jodhpur,0.0016997446875783322,0.4782094102108259,0.5509739867893083,0.4040342648077859,892.5,590.25,264.75,0.9110774689856886,Rajasthan
jorhat,0.001733651929831993,0.4902248190900302,0.7277863431283509,0.4565028711217883,246.0,202.0,105.0,0.7905151225493477,Assam
junagadh,0.00016025178710295736,0.4880371786187945,0.6718056550988997,0.40965198998790414,68.0,36.0,8.0,0.8944928688256709,Gujarat
kabeerdham,0.00946817320614966,0.49903346520353153,0.5035305874829489,0.49135954364968404,1039.0,803.5,337.5,0.9311100398451789,Chhattisgarh
kachchh,0.0034795963842435794,0.47584008763264257,0.5985167066452365,0.37098009865363263,1005.0,717.5,262.0,0.9651906627774147,Gujarat
kaimur (bhabua),0.001444973993773532,0.47920909207173706,0.5658417692254719,0.31429416423181733,302.0,254.0,290.0,0.9022930161086253,Bihar
kaithal,0.005787537425102699,0.4684902969736685,0.6018119638389133,0.34803835785773857,889.5,581.5,241.0,0.7600978263359083,Haryana
kalahi,0.0,0.5008456631463996,0.5086256372596583,0.4768500110028163,0.0,0.0,0.0,0.6313185573867863,Odisha
kamrup,0.003261553508749148,0.48702507080528906,0.6558757517090137,0.4144557448821845,665.0,506.0,630.0,0.8557579797104012,Assam
kancheepuram,0.0016142738304692529,0.4965404881933405,0.7536748559120335,0.4186364441260831,867.0,660.0,265.0,0.9122941283239488,Tamil Nadu
kangra,0.002152465278489702,0.5029445557339868,0.7632998361008559,0.4471102428687317,467.5,301.5,60.0,0.8917767541182904,Himachal Pradesh
kannauj,0.0019416508518073276,0.46772456622415814,0.6139545917702111,0.316715521279524,446.0,315.0,291.0,0.458097568957645,Uttar Pradesh
kanniyakumari,0.0037716919284086115,0.504727396766636,0.8280365317310869,0.3633604829836172,1049.0,620.0,377.0,0.891086668296138,Tamil Nadu
kannur,0.0012723844231108054,0.5317302436818347,0.8475748938863727,0.3266409116437832,483.0,276.5,173.5,0.938822295651206,Kerala
kanpur dehat,0.00011530644667993032,0.4637214227495624,0.6515162143744739,0.35011112447277115,29.0,20.0,21.0,0.27491672057129346,Uttar Pradesh
kapurthala,0.0012392505222156085,0.4770268214650232,0.7072983728507498,0.3485968536547068,152.0,87.0,52.0,0.9129598917585212,Punjab
karaikal,0.0,0.511497238065747,0.773721169501853,0.3411263497517755,0.0,0.0,0.0,0.0,Puducherry
karauli,0.002310123852772126,0.46261609822197597,0.5526145072717398,0.43115162852957795,508.0,289.0,153.0,0.8857411634511474,Rajasthan
karbi anglong,0.0,0.48744082742784006,0.5826690633715113,0.40095763625507547,0.0,0.0,0.0,0.8949588650003516,Assam
kargil,0.0005403460907501301,0.4475575631027968,0.6124628911521143,0.3684109600715899,14.0,4.0,0.0,0.9999793598647853,Ladakh
karimganj,0.0,0.49062331629073663,0.6472744053403392,0.3248763313002671,0.0,0.0,0.0,0.8792531437883514,Assam
karimnagar,0.0023135872680985774,0.5019422609988854,0.5843940143035361,0.49699001845472346,1195.0,872.0,391.0,0.9596784043188932,Hra Pradesh
karnal,0.012085110042061762,0.47007288796299,0.6497026553751883,0.34282453478453806,2701.0,1603.0,471.0,0.9620651772435872,Haryana
karur,0.005245275939208492,0.503816370798117,0.6829955669036809,0.5103819376924038,746.0,575.0,389.0,0.9483139153758194,Tamil Nadu
kasaragod,0.003598349314478214,0.5191792714408643,0.7935687924275744,0.3541432259298212,715.0,398.0,215.0,0.9663107304444616,Kerala
kathua,0.0069939289332294945,0.47097585309075574,0.631378815284661,0.3251453924582478,560.0,460.0,207.0,0.876279747530457,Jammu Kashmir
katihar,0.0013391747592765818,0.4788619710201369,0.4168602771253544,0.3300411686115631,498.3333333333333,474.6666666666667,470.3333333333333,0.994084118006941,Bihar
katni,0.014394095427028568,0.4876226933799366,0.6120335097465872,0.4209414245047762,2587.0,1813.0,984.0,0.8392324394759113,Madhya Pradesh
kaushambi,0.0008270701759988614,0.47581451816583686,0.5085184008962264,0.39952963123188606,182.0,131.0,400.5,0.6360404795220094,Uttar Pradesh
kendrapara,0.0,0.5016429908890896,0.7562444414976524,0.3241479045878082,0.0,0.0,0.0,0.5539005052796395,Odisha
kendujhar,0.0,0.49688050338202167,0.5841697965236803,0.4254315151024042,0.0,0.0,0.0,0.6062203416218986,Odisha
khagaria,0.0025610839071077518,0.4697981745602279,0.4607561644887533,0.33643872466383423,533.0,477.0,244.0,0.9593382922187266,Bihar
khamal,0.006232537250105987,0.5090163822618706,0.5453288046814257,0.48471443575998147,667.5,413.5,261.0,0.6771117815773262,Odisha
khargone (west nimar),0.0139865776581218,0.49113849846720264,0.526540191751831,0.47736094041470417,3467.0,2731.0,1314.0,0.8845118110565126,Madhya Pradesh
kheda,0.002131867460836032,0.48444074377631924,0.7218808766525283,0.4060998702109018,686.0,474.0,128.0,0.8677308681610464,Gujarat
kheri,0.0,0.47200728729897695,0.5058246915195127,0.31450922015904037,0.0,0.0,0.0,0.721191680668481,Uttar Pradesh
khunti,0.000548327061991908,0.49926205852768923,0.5350310687460635,0.48879739041334125,36.0,33.0,36.0,0.8932284227092966,Jharkh
khwa (east nimar),0.016615906642238165,0.4852690065577099,0.5584587282576918,0.4678988230319046,2881.0,2269.0,888.0,0.864140287698431,Madhya Pradesh
kinnaur,0.0097980244083661,0.4502086280476932,0.7215677417054005,0.6689530557173595,125.0,70.0,24.0,0.8072932853648187,Himachal Pradesh
kiphire,0.0,0.4888114155991568,0.5571590724825685,0.4318550348629804,0.0,0.0,0.0,0.99998465894145,Nagal
kishanganj,0.0013952532645313503,0.48712139138665406,0.4407572172266919,0.3129815428300994,315.0,243.0,248.0,0.9891635206767421,Bihar
kishtwar,0.003554430263285682,0.47911970732045633,0.4660072129555779,0.35966813468807435,114.0,80.0,14.0,0.9673948647897626,Jammu Kashmir
koch bihar,0.01403081984934886,0.48510190891657795,0.6564198467162762,0.40012152875080786,5249.0,4109.0,2232.0,0.9051545724785077,West Bengal
kodagu,0.003963649511287751,0.504781621549487,0.7445678146285339,0.5030269476789795,323.0,197.0,46.0,0.7239184760404865,Karnataka
kodarma,0.000401279665777819,0.48730556963333094,0.5448434155801184,0.35939234271401826,45.0,23.0,25.0,0.9163868012923208,Jharkh
kohima,0.0037222452795715472,0.4814469304595728,0.7369322506977924,0.4284706777915429,121.0,115.0,130.0,0.4474255341055905,Nagal
kokrajhar,0.0009362196380195971,0.4894785727651267,0.5515520626912039,0.38452806878718404,102.0,94.5,56.5,0.9256952415227777,Assam
kolar,0.0053178441497558635,0.4946657806132644,0.6614282339050808,0.4672426013781558,1141.0,792.0,131.0,0.7865432870630791,Karnataka
kolasib,0.0003020737707494087,0.48879757012685365,0.7848847596926926,0.43680543148115064,3.0,3.0,3.0,0.8080402998594611,Mizoram
kolhapur,0.008480794716975236,0.4889944558837833,0.7290619894060915,0.4396423014338748,4723.0,3054.0,376.0,0.545689862437382,Maharashtra
kolkata,0.013831690547669322,0.4758891754698007,0.7979500050481532,0.3993467200570019,9711.0,5004.0,2848.0,0.8328377716690872,West Bengal
kollam,0.0034170194370358115,0.5268347009438884,0.8500775032016317,0.34607029360147984,1283.5,847.0,360.0,0.9388307795385861,Kerala
koppal,0.0021216146318931628,0.49642713249683434,0.5821090422470357,0.4710817888799355,417.6666666666667,280.0,65.33333333333333,0.8223751187719778,Karnataka
koraput,0.0,0.5079835639116382,0.41176474851900524,0.5025966787156425,0.0,0.0,0.0,0.6733494351582046,Odisha
korba,0.01079250634642263,0.49204816681031627,0.6205322217065571,0.43193164489822977,1760.0,1321.0,627.0,0.8778071566907838,Chhattisgarh
koriya,0.005946444284932231,0.49198912761394836,0.6037528247108513,0.4660237935885703,528.0,399.0,135.5,0.8561837596588069,Chhattisgarh
kota,0.0926003040258453,0.47659986038029456,0.665471903328218,0.38380606187346683,25574.63157894737,17168.315789473683,8042.815789473684,0.23299720279064387,Total S
kottayam,0.004589493488180656,0.5096156037499158,0.8861751355118201,0.3726087601687675,1385.0,759.0,333.0,0.8858417994912923,Kerala
kozhikode,0.0025076072852880547,0.5233952187948455,0.8474383345975253,0.30748247169014736,1179.5,651.5,374.5,0.9474368295865283,Kerala
krishna,0.0019181114518319522,0.49807942536832045,0.6662503503122815,0.4535531294785184,1229.0,821.0,448.0,0.9116298075964665,Hra Pradesh
krishnagiri,0.0040068428317505565,0.48918640138439595,0.6319567573088543,0.46695116365545647,1088.0,694.0,577.0,0.9872432086779024,Tamil Nadu
kulgam,0.001174978818918331,0.4873292923391514,0.4925638953739019,0.3769055533437146,85.0,33.0,4.0,0.9461154485922899,Jammu Kashmir
kullu,0.004372487876211464,0.48515538829375454,0.7026030878984615,0.6144831161238905,295.0,158.0,61.0,0.8632379229966436,Himachal Pradesh
kupwara,0.0008377250502886353,0.45517571011335617,0.5051438839828392,0.2631848650089504,105.5,67.0,8.5,0.944974858940444,Jammu Kashmir
kurnool,0.0013545382407924335,0.4969173272335285,0.5247762222080231,0.5006644935453957,757.0,542.0,322.0,0.803849562635828,Hra Pradesh
kurukshetra,0.010182922453393802,0.47030181774831414,0.6705951868802836,0.34911963344408103,1448.0,876.0,398.0,0.9298580754095815,Haryana
kurung kumey,0.002708406826919664,0.5078196272644337,0.3975628828359182,0.41318041617793994,54.0,5.0,8.0,0.9999969497799855,Arunachal Pradesh
kushinagar,0.0002205551975571812,0.489961408808532,0.5484067527291009,0.3133564910406492,102.0,84.0,55.0,0.680543631040458,Uttar Pradesh
lahul spiti,0.003213864329396351,0.4744645799011532,0.6920859206691167,0.6112976809022937,20.0,4.0,0.0,0.8559256059316983,Himachal Pradesh
lakhimpur,0.0,0.491742448449676,0.6558504304136596,0.4126088988300003,0.0,0.0,0.0,0.8468037311979245,Assam
lakhisarai,0.0023394954295831703,0.4741345892545998,0.5068077912943396,0.32627843406812984,286.0,268.0,267.0,0.9339815898591417,Bihar
lakshadweep,0.0,0.48625005816388256,0.8151164053169544,0.29086594388348613,0.0,0.0,0.0,0.0,Lakshadweep
lalitpur,0.00235629284453464,0.47526588255325836,0.5248814661523651,0.4120451018015835,372.0,309.0,415.0,0.5979464682185389,Uttar Pradesh
latehar,0.0011919030336932832,0.49150318166436946,0.4823832358063105,0.4310708164483657,135.0,70.0,95.0,0.9406784125539082,Jharkh
latur,0.004178206352497571,0.4812394772055696,0.6725917571375717,0.4265580255203741,1516.0,910.0,0.0,0.532604331801641,Maharashtra
lawngtlai,0.0,0.48598741242132765,0.5331993146385736,0.386499737051928,0.0,0.0,0.0,0.9999965994112601,Mizoram
leh(ladakh),0.0013298989711572381,0.408399319783949,0.7024654086165694,0.5624442829638842,32.0,10.0,0.0,0.0,Ladakh
lohardaga,0.005638252491656464,0.4962450464496849,0.5623919963619827,0.4792914528248771,355.0,261.0,221.0,0.890372248606572,Jharkh
lohit,0.0,0.47695675445699465,0.5699875108079546,0.4182163786832823,0.0,0.0,0.0,0.8562337861505631,Arunachal Pradesh
longleng,0.0,0.4750415973377704,0.5914547183265986,0.605498771888123,0.0,0.0,0.0,0.5650276187499954,Nagal
lower dibang valley,0.0,0.48126849112426034,0.5889238165680474,0.41283284023668637,0.0,0.0,0.0,0.8495089620438359,Arunachal Pradesh
lower subansiri,0.0003054390391818211,0.49604962061905333,0.651053835962905,0.3637480428760689,6.0,0.0,6.0,0.8382925232853201,Arunachal Pradesh
lucknow,0.0007141554870688702,0.4783092562308299,0.6813443088841044,0.33613517514125774,505.5,270.0,563.5,0.285824917229144,Uttar Pradesh
ludhiana,0.0006060549902886636,0.46614594572501694,0.7317564985556224,0.36722430567127184,307.0,194.66666666666666,175.66666666666666,0.8777886484056863,Punjab
lunglei,0.0,0.4865141115543772,0.7503159303218773,0.48499640706692765,0.0,0.0,0.0,0.8131773037493037,Mizoram
madhepura,0.0,0.47668154356012354,0.4169211924294696,0.3884307924718323,0.0,0.0,0.0,0.9663798369497631,Bihar
madhubani,0.001169868849637213,0.48091903982257794,0.4803111125670464,0.36478710623729355,648.0,594.0,693.0,0.9456677029730381,Bihar
madurai,0.004547084545595456,0.4975811749650786,0.7482690705050141,0.4458590005042373,1926.0,1342.5,876.0,0.9257667697333969,Tamil Nadu
mahasamund,0.012605560560027065,0.5042701359665516,0.6177298756528661,0.48342586908402196,1960.0,1120.0,716.0,0.8783674596428086,Chhattisgarh
mahbubnagar,0.0018656882181348512,0.4941100826345142,0.47881386459703706,0.5138136228025072,1088.0,701.0,260.0,0.717173213281586,Telangana
mahendragarh,0.007054635542451355,0.47221414875803613,0.6835085154562255,0.3671927191330979,922.0,617.0,242.0,0.9043731148500977,Haryana
mahesana,0.004004398502132121,0.48084188015708595,0.7383772697074883,0.3990360991103965,1105.0,823.0,12.0,0.8640382304584153,Gujarat
mahoba,0.0008830313832508311,0.46760232796549606,0.5572253464207187,0.3991926553556221,108.0,75.0,125.0,0.4804234753544015,Uttar Pradesh
mahrajganj,0.0,0.48532332999218164,0.5286037226464156,0.3703400338882923,0.0,0.0,0.0,0.6392665794081244,Uttar Pradesh
mainpuri,0.0,0.46836415169365847,0.6442955929503904,0.3001505462318219,0.0,0.0,0.0,0.36935724996917335,Uttar Pradesh
malappuram,0.0021817654718786572,0.5233731752623441,0.8051007556675063,0.25831380138684923,1366.0,757.0,570.0,0.9999962371047565,Kerala
maldah,0.005968461161963306,0.48568044133076116,0.5230667022659442,0.3855369160747033,3188.5,2444.0,1356.5,0.9587896661001445,West Bengal
malkangiri,0.0,0.5048467690380827,0.39906913332202637,0.5066373990528252,0.0,0.0,0.0,0.676280662692931,Odisha
mamit,0.0,0.4809411328794405,0.6969454865453198,0.4555022926219258,0.0,0.0,0.0,0.8557378608898957,Mizoram
mansa,0.0011037078414700744,0.46900751022083764,0.5502558619605561,0.4267769707346921,156.0,45.0,14.0,0.991837399089202,Punjab
mathura,0.0002754584519127958,0.4632798415819195,0.5919266138606398,0.33014458319461804,100.0,66.0,32.5,0.4556020654125562,Uttar Pradesh
mau,0.0004799730517040051,0.4946848730353296,0.6178892894185228,0.3158463767380125,149.0,101.5,27.5,0.5469593667790607,Telangana
mayurbhanj,0.0,0.5014509445029602,0.5434680113567363,0.4855798499685285,0.0,0.0,0.0,0.6142356335628918,Odisha
medak,0.0019612957577304314,0.4978946938108086,0.5397235607037644,0.4754586442171004,854.0,553.5,270.0,0.8049819817166828,Hra Pradesh
meerut,0.0008923162868227852,0.469829302239546,0.6218587102377712,0.31667755131197967,491.0,236.0,81.0,0.43470081452139436,Uttar Pradesh
mi,0.02176617285154374,0.501823906731201,0.7239084315802424,0.5727987341177082,3256.6363636363635,1891.8181818181818,748.7272727272727,0.46702231781937353,Himachal Pradesh
mirzapur,0.00120355130644625,0.47444222397545827,0.572166665999191,0.35322651053076326,417.0,294.0,156.0,0.5360263312258284,Uttar Pradesh
mla,0.004443513743955249,0.5020670107734819,0.5734753366416881,0.5305207577933558,620.3333333333334,488.6666666666667,227.0,0.6727279417126045,Madhya Pradesh
moga,0.0010633285927549605,0.4718331783406612,0.6305714509523513,0.3607064452179572,169.5,81.0,39.0,0.9592869606236611,Punjab
mokokchung,0.0,0.48057259713701433,0.8195065306080505,0.5141607834674394,0.0,0.0,0.0,0.0,Nagal
mon,0.0,0.47353552305602176,0.4780068728522337,0.5900023975065931,0.0,0.0,0.0,0.9449434685251675,Nagal
moradabad,0.00026749415353579867,0.47544366038098024,0.4744017505426439,0.29711006230922593,151.0,151.0,21.0,0.844176032804491,Uttar Pradesh
morena,0.005596359618132777,0.45654460647924433,0.6000523914403577,0.3438470576865364,1641.0,962.0,666.0,0.8165170685049538,Madhya Pradesh
morigaon,0.0,0.49170742712468785,0.5639116670478984,0.3667636979684006,0.0,0.0,0.0,0.9219208079762984,Assam
msaur,0.0027875496677471413,0.4905659532785093,0.6226381311403741,0.5071004341205795,484.0,400.0,591.0,0.7693317296473083,Madhya Pradesh
muktsar,0.003266514946663626,0.4726420784658098,0.5819384940170486,0.37180118328499073,410.0,287.0,37.0,0.9999964940137935,Punjab
mumbai,0.01543900205300659,0.454008558341174,0.8131889074097421,0.4162803594075473,7441.666666666667,3828.3333333333335,606.3333333333334,0.36606027616176856,Maharashtra
munger,0.0035538139393775734,0.4669837289300428,0.5862242417374329,0.31193808877987084,639.0,511.0,517.0,0.8873378774794785,Bihar
murshidabad,0.005631082760689566,0.4893493024233344,0.5709380899565543,0.36458014695500596,5599.0,3865.0,2114.0,0.9561808906999593,West Bengal
muzaffarnagar,9.282845532635363e-05,0.47063409011485907,0.5834034027173084,0.3117268635881832,57.5,33.5,21.5,0.5225572935469618,Uttar Pradesh
muzaffarpur,0.0016749262285707038,0.4735546010445189,0.5226410323382619,0.3223424317369782,994.0,908.5,873.0,0.9298288161692365,Bihar
mya,0.005096488641582047,0.49878140559506773,0.6366534146947921,0.48256892216003267,1343.6666666666667,833.6666666666666,149.33333333333334,0.801209175862626,Karnataka
nabarangapur,0.0,0.5046365686934557,0.38525782467037856,0.5003546430390861,0.0,0.0,0.0,0.6836756539181106,Odisha
nadia,0.005395107341250178,0.4864602523415125,0.6735341357690223,0.35656920040250795,3935.0,2661.0,828.0,0.8749791236124965,West Bengal
nagaon,0.0009864265085949397,0.4903575647857756,0.6058273909188007,0.3470532989962348,370.0,289.0,286.0,0.9050549608863357,Assam
nagapattinam,0.004782552678313034,0.5062470227968697,0.7504147978595069,0.41572210708651675,1052.0,777.0,437.0,0.9359402109149493,Tamil Nadu
nagaur,0.004707563586979308,0.4871654176276694,0.5316688751211929,0.4310739981915161,2051.0,1633.0,590.0,0.9413556543642739,Rajasthan
nagpur,0.004129365795029208,0.4874956216410197,0.7894601349071788,0.40153258680969667,2942.3333333333335,1604.0,4.0,0.31975429298717084,Maharashtra
nainital,0.006420260206007822,0.48285835502642455,0.7296211522043149,0.39406979850304574,931.0,519.0,341.0,0.8976635397237893,Uttarakh
nala,0.0019116750905096092,0.4797635434154153,0.5281849479419513,0.36328911095257144,726.5,575.0,600.5,0.9165754426037818,Bihar
nalbari,0.0,0.4867988787502964,0.6891447943921963,0.34682409779702683,0.0,0.0,0.0,0.8413168437154249,Assam
nalgonda,0.0021716523526225996,0.4955952016863061,0.5735536109887357,0.4992228006749581,1061.5,731.0,368.0,0.7397459631542362,Hra Pradesh
namakkal,0.0056867685655466365,0.49653683740482024,0.6811828557958671,0.5202388971163575,1363.0,960.0,651.0,0.9458759209773027,Tamil Nadu
narayanpur,0.01159322869024787,0.49861250178801314,0.4049563724789014,0.5084322700615077,217.5,166.0,55.0,0.9883846438909926,Chhattisgarh
narmada,0.0011241840230293274,0.4899415040225514,0.6273723227460075,0.4994011489131742,94.0,63.0,8.0,0.8999580486283139,Gujarat
narsimhapur,0.008048190587900836,0.4790420697272712,0.6583160385912402,0.43762078080036343,1312.6666666666667,766.3333333333334,257.0,0.7755332310562931,Madhya Pradesh
nashik,0.004150161070544649,0.4830376079854768,0.7115167752354725,0.4524714897382379,3767.5,2229.0,142.5,0.47660347679433285,Maharashtra
navsari,0.0015576141681809044,0.4899757233362814,0.7535008633708162,0.4450977383896179,328.0,162.0,39.0,0.8322317080909011,Gujarat
nawada,0.0022475246513339363,0.4841853577907898,0.49163597167559053,0.3681781189700903,658.0,522.0,567.0,0.9423293144528853,Bihar
nayagarh,0.0,0.47793753356135144,0.7149666230087797,0.35691413175680237,0.0,0.0,0.0,0.5511432326314306,Odisha
ned,0.0044187949370539095,0.4852946426552647,0.6513641183211694,0.44445796437798324,2257.5,1256.5,378.0,0.6056146232375343,Maharashtra
neemuch,0.013518418046855437,0.48835506078804747,0.6159718279510016,0.5068378230821471,1512.0,1130.0,344.0,0.8027069023874039,Madhya Pradesh
new nct of delhi,0.006726918929112623,0.4511281372355708,0.8040548153573138,0.4192910058871581,154.0,72.0,66.0,0.23241757233651514,Delhi
nicobars,0.0013767224050413444,0.4374083925954074,0.687584821670919,0.4648227566364475,10.0,2.0,0.0,0.245829083926084,Aman Nicobar Isls
north,0.18477578151855586,0.4496436093674474,0.7320729884114181,0.43413234257711464,2279.0,1363.25,1067.75,0.4230884948343677,Sikkim
north goa,0.004603927600164168,0.4906198961379351,0.8105788696443067,0.4005559847825449,627.0,264.0,52.0,0.9623003661007474,Goa
north middle aman,0.0034023240732496533,0.48046819511917954,0.7451253350000473,0.3653418184228719,57.0,28.0,26.0,0.9999349197842093,Aman Nicobar Isls
north tripura,0.0005603635231846544,0.49151736371797844,0.7499160598720075,0.35833716407737193,56.0,36.0,40.0,0.9918285678092609,Tripura
north west,0.0073408448097802585,0.46372184188381416,0.7405513793234532,0.3250464441921719,4035.5,2315.0,1487.5,0.2694329569840984,Delhi
nuapada,0.0,0.5052901297875757,0.49048464731921976,0.500404664619861,0.0,0.0,0.0,0.6370286208950007,Odisha
nurbar,0.0044696218179749074,0.49452616188243004,0.5499676938897466,0.4805359477520711,1058.0,685.0,92.0,0.8256150259593857,Maharashtra
osmanabad,0.005235086136620216,0.48024404310873225,0.6864300641418554,0.466896238845157,1277.0,776.0,191.0,0.4429645349052823,Maharashtra
pakur,0.0008144449110040915,0.49727905359931235,0.3919062395188034,0.4493270932962544,121.0,52.5,39.5,0.997510082142974,Jharkh
palakkad,0.0034145861178480346,0.516188636459077,0.7969909613535406,0.3709482144420474,1412.0,858.0,464.0,0.9607676432537298,Kerala
palamu,0.00011548133589030411,0.48125260004670417,0.5281609222066026,0.367640804611033,34.0,19.0,36.0,0.9186436169359697,Jharkh
pali,0.010589876655198449,0.49674342956056056,0.5328363695435697,0.41339721325321843,2749.0,2356.0,667.0,0.9755248642762695,Rajasthan
palwal,0.006700673863737451,0.4682144953333052,0.5752291149583584,0.29688369131146974,1049.0,604.0,312.0,0.9999966329346897,Haryana
panchkula,0.008193087663814939,0.46609168473506707,0.722114831291322,0.37677113379286753,647.5,440.5,221.0,0.868683448367857,Haryana
panipat,0.013815290981288727,0.4633838184824259,0.6525426048810514,0.3420485682785579,2595.0,1345.0,1915.0,0.9563765737296617,Haryana
panna,0.01107295592088022,0.4751898634557116,0.5435790737024357,0.4249773737850706,1547.0,1116.0,679.0,0.8538338379497089,Madhya Pradesh
papum pare,0.0,0.49492844319346674,0.6855408244748631,0.3724918305743234,0.0,0.0,0.0,0.8120358155175437,Arunachal Pradesh
parbhani,0.0035267451564945256,0.48647830221460214,0.6305881097072795,0.44812552353212215,992.0,540.0,0.0,0.6105998887498862,Maharashtra
paschim medinipur,0.008698762378226322,0.49134913807608643,0.6896832089926417,0.424313392318571,6788.0,5382.0,3320.0,0.8835872686282203,West Bengal
patan,0.004888167067757496,0.4832332887312519,0.623570587631183,0.4129016605965169,860.0,694.0,0.0,0.9428645804401853,Gujarat
pathanamthitta,0.006911581185472783,0.5308916229334598,0.8873746045638427,0.3280357972026337,1154.0,804.0,282.0,0.9293315388197143,Kerala
patiala,0.0010085571733039233,0.4711560880863181,0.668249383072935,0.3482997711646338,271.3333333333333,181.0,190.0,0.93647077343231,Punjab
patna,0.0022127586721057213,0.4727189423932489,0.5925665393215511,0.3223254742470838,1731.0,1325.5,1511.0,0.891499505533891,Bihar
perambalur,0.013034245411915207,0.5008041074053957,0.6649110174214425,0.5302791995371738,1030.5,712.5,410.0,0.9751729293117776,Tamil Nadu
peren,0.0,0.4778983186128819,0.6532729812327371,0.6447242672155767,0.0,0.0,0.0,0.3194778728567832,Nagal
phek,0.0,0.4875533906913559,0.6479885936677722,0.49123719541299,0.0,0.0,0.0,0.6131903398965945,Nagal
pilibhit,0.001217454609348217,0.47218202596052106,0.5224477315932441,0.3045804371919939,399.0,186.0,17.0,0.7142373037986719,Uttar Pradesh
pithoragarh,0.0023256710466018522,0.504992356843366,0.7147747699296085,0.44781244376229473,164.0,102.0,115.0,0.8938912698191738,Uttarakh
pondicherry,0.00389633900823531,0.5072467428329698,0.7646610662651047,0.3663148789473518,536.0,340.0,142.0,0.9996010341938492,Puducherry
porbar,0.0009963188573814832,0.48721579505644386,0.6724377358232742,0.39485762209859443,84.0,54.0,15.5,0.900581456084588,Gujarat
prakasam,0.0033528512295946597,0.4952788092709587,0.5605486824228068,0.5005424659921212,1596.0,1099.0,802.0,0.9751855754019343,Hra Pradesh
pratapgarh,0.003890392364030313,0.49756318719712284,0.5322743729263693,0.44347334338536876,680.5,577.0,255.0,0.7644016705553458,Rajasthan
pudukkottai,0.0069839098537718995,0.5036979136092736,0.6862226533897284,0.47066169450889644,1495.0,1179.0,352.0,0.9728625058463068,Tamil Nadu
pulwama,0.001191615915136953,0.4770822924844765,0.524512882734994,0.33620012847048747,120.0,38.0,0.0,0.9294780058428199,Jammu Kashmir
punch,0.004130723484099055,0.4717271173466713,0.5488774943114495,0.3384671846655552,261.0,205.0,18.0,0.9167220726727843,Jammu Kashmir
pune,0.0028092060790668905,0.47779277341695253,0.7605698045943076,0.4294005519752672,4026.6666666666665,2240.3333333333335,479.0,0.3498740717524522,Maharashtra
purba medinipur,0.010180654170192373,0.4839288640321829,0.7698764196531508,0.3748757573527608,6743.0,5531.0,3344.0,0.8447190919370883,West Bengal
puri,0.0,0.49057236876961025,0.7605322799974098,0.3659651622094153,0.0,0.0,0.0,0.5363914385417148,Odisha
purnia,0.00031073277982228995,0.47945839928028355,0.4081107167482637,0.3502148336452125,129.0,111.0,107.0,0.9879890939232111,Bihar
puruliya,0.0053063321003035836,0.48909991587360907,0.554553319579607,0.4264822370453037,2135.5,1543.0,507.0,0.9173620956568644,West Bengal
raichur,0.001873633090117384,0.49994556234614884,0.5079650064391967,0.46837794455861953,520.0,335.0,47.0,0.8714651470547436,Karnataka
raigarh,0.0035710283599540787,0.4937288566735923,0.6867224594927288,0.4346433220918053,930.8333333333334,680.0,271.6666666666667,0.761984494167366,Chhattisgarh
raipur,0.002921803275982468,0.4960013504362342,0.6471042887177549,0.43250968534442025,1638.2,1171.0,559.6,0.8447415477661963,Chhattisgarh
raisen,0.013668144133270804,0.47404657715510023,0.6159671432122481,0.38888492539409447,2581.0,1725.0,1070.0,0.8332398399621072,Madhya Pradesh
rajgarh,0.0,0.4888052508257785,0.520272814193687,0.48233681413158375,0.0,0.0,0.0,0.826134464516875,Madhya Pradesh
rajkot,0.0015886936535628778,0.48103169934588985,0.7162608639426709,0.38875737996371723,842.0,588.0,110.66666666666667,0.8744928393030658,Gujarat
rajngaon,0.005181947729002188,0.5037156836786407,0.6560128498965282,0.5205092857937472,1070.5,814.0,309.5,0.8191402326770467,Chhattisgarh
rajouri,0.003605564076168339,0.46241759610220806,0.5667815975654367,0.4528412319139497,310.0,238.0,13.0,0.8608067767554163,Jammu Kashmir
rajsam,0.014384055851487505,0.4973711673123828,0.5353109164211908,0.4762514514562981,2119.0,1817.0,560.0,0.9575518261745914,Rajasthan
ramanagara,0.006143171156096479,0.4938206377766858,0.6232547227322941,0.49089352284609045,975.0,598.5,103.0,0.8022798481266658,Karnataka
ramanathapuram,0.0036913497588624005,0.49561452441732023,0.7232994321897085,0.44551274710091654,686.0,496.0,195.0,0.9281015062404083,Tamil Nadu
ramban,0.004201246897017516,0.474356127495039,0.43729050131647124,0.30739514932343603,159.0,123.0,152.0,0.9999968972648243,Jammu Kashmir
ramgarh,0.0,0.47945268962960386,0.6282599376687173,0.32874538018606697,0.0,0.0,0.0,0.8638751118539715,Jharkh
rampur,0.0,0.47603431601506796,0.44680944884856233,0.315632760928822,0.0,0.0,0.0,0.7822842301959074,Odisha
ranchi,0.0006976316198691534,0.48702566318023865,0.6558912352496507,0.39216464733844314,305.0,176.0,87.0,0.8369013288738109,Jharkh
rangareddy,0.0025823084005079963,0.4900622854694991,0.6679631871749062,0.41460928521896767,1979.0,1257.0,973.0,0.4051611537083414,Telangana
ratlam,0.018855426194041146,0.49264192969543025,0.5675882037209232,0.4748778236633452,3662.0,2829.0,1164.0,0.8736302901193906,Madhya Pradesh
ratnagiri,0.003962261424829284,0.5287377814817819,0.7426258568519364,0.44213343207008493,998.0,516.0,0.0,0.47437806580044867,Maharashtra
rayagada,0.0,0.5123931849105962,0.4212525738420165,0.48260842164207246,0.0,0.0,0.0,0.6760350596067153,Odisha
reasi,0.00266411423943471,0.47099314513438023,0.4784168660838282,0.4600641312879965,118.66666666666667,79.66666666666667,33.333333333333336,0.9191580981503117,Jammu Kashmir
rewa,0.0047966743413084215,0.4820105314518673,0.6095950879157214,0.41940868612231336,1553.0,1131.0,1898.0,0.8081684246857198,Madhya Pradesh
rewari,0.00891988483215202,0.47315545820874966,0.7074579155244954,0.37511384689203536,1162.0,738.0,417.0,0.892435139514748,Haryana
ribhoi,0.0005388785304742943,0.48798099211868334,0.6021441817338896,0.4113467779323134,33.0,0.0,41.0,0.8949046160074167,Meghalaya
rohtak,0.0108337387394075,0.46430752239908635,0.7044658708410447,0.3260136599560499,1937.0,783.0,494.0,0.912061447188631,Haryana
rohtas,0.0005126525255627978,0.47851731027683875,0.6080681964838215,0.3124677778235748,222.0,137.0,184.0,0.8722124946441828,Bihar
rudraprayag,0.0011601214325052654,0.5270487236106238,0.7055038487731391,0.46652496027405743,41.5,25.0,13.5,0.9112998477780975,Uttarakh
sagar,0.008961935496550952,0.47181871615979765,0.6498828232409402,0.42297782849224164,3018.5,2024.5,885.0,0.7948413923224069,Madhya Pradesh
saharanpur,0.0005852927559228408,0.47088751326310835,0.5992149739988264,0.2992584198740935,312.5,167.5,69.5,0.5104892250113804,Uttar Pradesh
saharsa,0.0,0.47535410049451216,0.4235347597493714,0.3419326223876851,0.0,0.0,0.0,0.9752734289651592,Bihar
sahibganj,0.00020205011793890366,0.48773865407229655,0.42002160673824296,0.4260525462663191,35.0,20.0,24.0,0.97628158154961,Jharkh
saiha,0.0,0.4945734789832785,0.74650899706579,0.34399193976031395,0.0,0.0,0.0,0.8714780857104938,Mizoram
salem,0.0025594472689869454,0.48835659162288025,0.6563828956225862,0.4865401360575476,1228.0,880.5,529.5,0.9588839147358337,Tamil Nadu
samastipur,0.0017138896325671789,0.4767174789736918,0.5028386278659066,0.3152362300619068,869.0,859.0,710.0,0.946557275180555,Bihar
samba,0.00832369542916096,0.4696611455700569,0.7153980269553274,0.2901429297142033,365.0,263.0,106.0,0.8327715818881531,Jammu Kashmir
sambalpur,0.0,0.4939222878900085,0.675911704842671,0.4858711803584481,0.0,0.0,0.0,0.5504811808189216,Odisha
sangli,0.009058183178759099,0.4912631996323361,0.7262094798172878,0.43056074763043545,3765.0,2283.0,311.0,0.5423437248526104,Maharashtra
sangrur,0.0011568157441666856,0.4695230517246275,0.6054227695177955,0.3436253337272508,250.0,203.0,229.0,0.9827919563519963,Punjab
sant kabir nagar,0.0017250270472875318,0.4929660566831644,0.5567621647369406,0.3145256220473267,380.0,320.0,191.0,0.6921283591264658,Uttar Pradesh
sant ravidas nagar (bhadohi),0.0006909751390974881,0.4885994476030802,0.5766940203888828,0.29819042169846527,162.0,96.0,175.0,0.627460583835676,Uttar Pradesh
saraikela-kharsawan,0.0,0.4888428401886849,0.575550018027221,0.40378252411140825,0.0,0.0,0.0,0.8827928586656307,Jharkh
saran,0.0033616379890174532,0.488134707132992,0.5459335371528662,0.2632255377338581,1688.0,1455.0,1806.0,0.9555681261736076,Bihar
satara,0.008682224550516336,0.49701322450903723,0.7409740054152472,0.4510864951405597,3730.0,2440.0,467.0,0.49630274123304635,Maharashtra
satna,0.012762213122603715,0.4806959377460536,0.6154423525136444,0.4088719500568657,3985.0,2745.0,1571.0,0.8425705328761882,Madhya Pradesh
sawai madhopur,0.003129998627983341,0.47285352637226136,0.5553872521528568,0.43283109368343103,629.0,360.0,158.0,0.8952551855928296,Rajasthan
sehore,0.01282213815389677,0.47858894620126713,0.5950910982115895,0.44694021041200854,2319.0,1659.0,640.0,0.8293493862042559,Madhya Pradesh
senapati,0.0,0.48382754389040544,0.5519735029677678,0.48757795086278144,0.0,0.0,0.0,0.9999964214460246,Manipur
seoni,0.013883565509415921,0.4954221172607968,0.6266221265420037,0.4962791787002105,2604.0,1926.0,838.0,0.8146512969115921,Madhya Pradesh
serchhip,0.0,0.4941096755316692,0.8389054006190616,0.4988989328118022,0.0,0.0,0.0,0.752887092316491,Mizoram
shahdol,0.01383728509278227,0.49344363325619595,0.5667526215617651,0.46250268511335635,2080.0,1410.0,800.0,0.8535711415755478,Madhya Pradesh
shahid bhagat singh nagar,0.0007351679880501417,0.4883457725661838,0.716073557511718,0.33370188303310416,57.0,49.5,65.5,0.9207643351331105,Punjab
shahjahanpur,0.0009447369643775865,0.46569675819829986,0.49589594410581206,0.2967579322130637,407.0,265.0,184.0,0.7692695514764109,Uttar Pradesh
shajapur,0.005817571178505919,0.4840154665788755,0.5914082347831433,0.47456866318807467,1189.0,893.0,348.0,0.80416187220903,Madhya Pradesh
sheikhpura,0.0013982017585401196,0.4818148102749779,0.5165084184290837,0.3530412891181157,116.5,94.0,99.0,0.7847531517957927,Bihar
sheohar,0.0016617334767761846,0.4717331610402197,0.4323043492836528,0.3297117239571746,135.0,123.0,135.0,0.9753985818257594,Bihar
sheopur,0.005075603556439993,0.4740449015135325,0.47687686901859533,0.4033591088897321,484.0,342.0,141.0,0.8776108922775732,Madhya Pradesh
shimla,0.0014435219370089879,0.47784548101374674,0.7526222036584317,0.5293866168720286,164.0,114.0,180.0,0.8401759282239104,Himachal Pradesh
shimoga,0.007099461673350142,0.49940750351019225,0.72058983781514,0.4453553923456414,1788.0,1156.0,180.0,0.7694485628467724,Karnataka
shivpuri,0.008921012163703277,0.46710987514846036,0.5219118797253846,0.43989513629385013,2130.0,1513.0,858.0,0.8560559785534109,Madhya Pradesh
shrawasti,0.0008738297039146384,0.4684824331617087,0.37885070268248133,0.36134695948757833,144.0,87.0,61.0,0.9911387812705389,Uttar Pradesh
shupiyan,0.003143699314342911,0.4873316680126965,0.5127434592340777,0.3295118607140845,124.0,74.0,73.0,0.9527211727392971,Jammu Kashmir
siddharthnagar,0.001279939221137134,0.49396455354732177,0.4801810809765338,0.3434138359088453,443.0,332.0,39.0,0.854698693553279,Uttar Pradesh
sidhi,0.0,0.48900165301282217,0.5330677983697016,0.40971293653335794,0.0,0.0,0.0,0.8394863853123314,Madhya Pradesh
sikar,0.0064348750263312215,0.4864329539881666,0.617075649536311,0.3759353057688379,2277.0,1799.0,669.0,0.9081976469405996,Rajasthan
simdega,0.0,0.4991327233487553,0.5728745884605506,0.48141359422794033,0.0,0.0,0.0,0.8693141610087878,Jharkh
sindhudurg,0.0034922463464671883,0.5088195035373347,0.7839301077736623,0.40861247735835066,439.0,263.0,35.0,0.315055504309719,Maharashtra
singrauli,0.007956534463688995,0.479206431786182,0.49653518327246743,0.4238737542148551,1274.0,944.0,564.0,0.87675960896423,Madhya Pradesh
sirmaur,0.006465532732086321,0.4785573411593738,0.6844230968849968,0.5286031083975805,492.5,318.0,146.5,0.5526657619239438,Himachal Pradesh
sirohi,0.009992396102428337,0.4845051749126257,0.46008379440843117,0.4051050517877234,1319.0,1131.0,326.0,0.9999968597084526,Rajasthan
sirsa,0.009512917803093109,0.47298656798351435,0.6044654486719698,0.3875905369795451,1659.0,1256.0,509.0,0.9673848212480097,Haryana
sitamarhi,0.002891448781170905,0.4732837671976712,0.4196766303284229,0.32556124097215366,1242.0,1100.0,1118.0,0.9992776516419755,Bihar
sitapur,0.0009303806213586815,0.4702791619610383,0.5093080005495103,0.3172623858383333,644.0,343.0,238.0,0.7313469029825779,Uttar Pradesh
sivaganga,0.006050860087277719,0.50065603714731,0.7167077016595462,0.46312488751781977,1080.0,837.0,489.0,0.9424929162955737,Tamil Nadu
sivasagar,0.0,0.4881056426740802,0.7067503583684462,0.42197732505104035,0.0,0.0,0.0,0.8070616115699158,Assam
siwan,0.001950641485268558,0.4970400520768277,0.5795513778260326,0.2799657945559538,821.0,716.0,796.0,0.9253443830413286,Bihar
solan,0.005397081821707723,0.4679590570719603,0.7385201268265784,0.514779776674938,448.0,293.0,181.0,0.8593817397799942,Himachal Pradesh
solapur,0.003948990872784285,0.4840254984302031,0.6741177593175715,0.4396716720444601,2528.5,1505.5,26.5,0.5530896343120901,Maharashtra
sonbhadra,0.0017541946721495432,0.4784895404655638,0.5292224300008751,0.3921481145026815,459.0,314.0,127.0,0.6188401539534706,Uttar Pradesh
sonipat,0.01286102357900124,0.46117347505277584,0.6884933182804701,0.3608128546118244,2657.0,1755.0,958.0,0.9229778016852835,Haryana
sonitpur,0.0,0.48864462011007687,0.576147933330215,0.40049997141535565,0.0,0.0,0.0,0.8279075879686015,Assam
south,0.07002200332247649,0.47038137364856003,0.7438264036193031,0.4237048242180321,2851.3333333333335,1766.0,1034.0,0.43194184817386466,Sikkim
south aman,0.008164510792372225,0.4655163725844244,0.7989602842001831,0.40661034172888444,294.0,166.0,110.0,0.0,Aman Nicobar Isls
south garo hills,5.939223568804503e-05,0.4859274663818905,0.5765453089212697,0.37284837073362653,2.0,0.0,2.6666666666666665,0.9212966142585417,Meghalaya
south goa,0.006169865857541999,0.49657396840463547,0.7843840402662141,0.38965742806426484,623.0,312.0,51.0,0.9999960070141137,Goa
south tripura,0.0037056547174924752,0.48910560604382874,0.7383667370242728,0.41877235299959703,442.0,326.0,106.0,0.9884100002244952,Tripura
south west,0.0112943206384035,0.4565770502556087,0.779643150899406,0.3468672343758586,3801.0,2326.0,1605.5,0.2595806095606842,Delhi
sri potti sriramulu nellore,0.004415663800765623,0.4962222761364131,0.6182398381404508,0.44357540617575436,1812.0,1284.0,968.0,0.9594710844753153,Hra Pradesh
srikakulam,0.0035979952798227315,0.5036324772096182,0.5532067829917643,0.47733391932415725,1332.5,968.5,681.0,0.9946609578964356,Hra Pradesh
srinagar,0.0033969179521080397,0.4735537410587882,0.6052445406761969,0.32921931811107275,701.0,293.0,79.0,0.8857251639800966,Jammu Kashmir
sultanpur,0.00011688092832197839,0.49577903446219856,0.589895439092343,0.32725670554791964,80.0,25.0,29.0,0.573833883620952,Uttar Pradesh
sundargarh,0.0,0.49310774577883165,0.6412048702683673,0.41712599901501696,0.0,0.0,0.0,0.5802573169792656,Odisha
supaul,0.0013519884652347049,0.4817211257041034,0.46354767625688853,0.39374251932190735,369.0,344.0,338.0,0.9459433322113364,Bihar
surat,0.002577906528024001,0.44054532879528496,0.7517131965714033,0.4198991600839423,2343.0,1366.0,725.3333333333334,0.5494472984108141,Gujarat
surendranagar,0.0005174352410909877,0.4819031036265536,0.6226988136207002,0.41195307322117125,132.0,83.0,16.0,0.9241252523146651,Gujarat
surguja,0.004037115925376828,0.494412441956942,0.5033891467638691,0.4897723873102345,1286.0,968.0,498.0,0.9174341834254783,Chhattisgarh
tamenglong,0.0,0.48545691107777406,0.6043753688206981,0.5024848739077575,0.0,0.0,0.0,0.9572191525614786,Manipur
tapi,0.000460898856381334,0.5016393605130963,0.607215168855372,0.558723306180005,60.0,28.0,0.0,0.9030802554178945,Gujarat
tarn taran,0.0013628315257074074,0.47360236936051026,0.5949856514714276,0.3400257407154347,233.0,128.0,11.0,0.9956724366443658,Punjab
tawang,0.0,0.4167116873761931,0.5216999819917162,0.5714828821257778,0.0,0.0,0.0,0.7889373763942635,Arunachal Pradesh
tehri garhwal,0.0026292193900875446,0.5185473017186084,0.6591914122898999,0.45310705070516744,233.0,152.0,89.0,0.9468087357967392,Uttarakh
thane,0.0034709855086902837,0.46971071273187304,0.7438563209099914,0.40621219535217795,5898.5,3184.0,813.0,0.4601980002274712,Maharashtra
thanjavur,0.005734330439985633,0.5085328090644211,0.7444222304427883,0.4048726250992356,1876.0,1388.0,851.0,0.9577796533249732,Tamil Nadu
the nilgiris,0.0018018797119172582,0.5102720446454554,0.7746146963396492,0.4758999937448497,180.0,133.5,93.0,0.8828918384383948,Tamil Nadu
theni,0.008778207724930934,0.49780600193113567,0.6983551636208072,0.474871558609486,1508.0,1079.5,716.0,0.9605287226341719,Tamil Nadu
thiruvallur,0.0033491207377051697,0.49677852334591527,0.7488313094269903,0.4125566239568424,1684.0,1270.0,630.0,0.9315248961697008,Tamil Nadu
thiruvarur,0.002714701759674038,0.5043072048293215,0.7486262899665184,0.427254470341547,445.0,367.0,161.0,0.919555804938779,Tamil Nadu
thoothukkudi,0.006595508865864643,0.5057519929424241,0.7711778701113488,0.427439868904613,1599.0,1132.0,580.0,0.9257256934559093,Tamil Nadu
thoubal,0.0012014460320662204,0.5005661253339903,0.6379071838699285,0.46265704648386424,74.0,46.0,34.0,0.9654392141547725,Manipur
thrissur,0.0023292450493409885,0.525578943995899,0.8581789055491478,0.351059528386518,1106.0,614.0,219.0,0.9237239110207273,Kerala
tikamgarh,0.004123915041225473,0.4738632101779311,0.5175460812114318,0.45345517400769186,790.0,620.0,460.0,0.8394937618860527,Madhya Pradesh
tinsukia,0.0029665344043851337,0.4877504746112179,0.6011782256430879,0.41959773451743276,558.0,374.0,112.0,0.8889118054961986,Assam
tirap,0.001207917406481404,0.4855637419066756,0.42843491850859566,0.4480375083724046,22.0,10.0,8.0,0.9472934478590641,Arunachal Pradesh
tiruchirappalli,0.002749745536699198,0.5032549801821261,0.7489947801299641,0.44594036638271456,1031.5,739.5,462.5,0.9172128006854448,Tamil Nadu
tirunelveli,0.001369440317161381,0.5057533829904983,0.7387991094596996,0.466800531516463,590.5,406.5,282.5,0.9115724173129846,Tamil Nadu
tiruppur,0.003330988724358379,0.49732438044865535,0.7101771160911511,0.5107343452255136,1135.6666666666667,818.0,528.0,0.9196865720130969,Tamil Nadu
tiruvannamalai,0.007443088673103011,0.4985997261524418,0.659998174349612,0.5023285156448096,2576.5,1764.0,1095.5,0.9871466303609818,Tamil Nadu
tonk,0.005448037662415757,0.4877065500806993,0.5274363516884937,0.45672913884640115,1032.0,800.0,191.0,0.9287602986934507,Rajasthan
tuensang,0.0,0.48151030539787176,0.5977283362835459,0.49926753341878777,0.0,0.0,0.0,0.7356583502494115,Nagal
tumkur,0.004016957717466896,0.495855138896147,0.6768960574547029,0.5056573770614189,1500.0,1046.0,174.0,0.7669399029959156,Karnataka
udaipur,0.011863082448576794,0.4893785726856167,0.5157797824287418,0.44510953520052665,4677.0,3935.0,1791.0,0.9912392227013833,Rajasthan
udalguri,0.0033238092281247565,0.4930465041338611,0.5650403766887748,0.41486506634859105,371.0,283.0,59.0,0.918315708240424,Assam
udham singh nagar,0.008066966075305467,0.4791788717582973,0.6294121785284996,0.3586980912146386,1879.0,1268.0,689.0,0.9927018941104865,Uttarakh
udhampur,0.00587955405484287,0.4652396010702992,0.5808337162265647,0.4390605151490581,466.0,306.0,148.0,0.8648117442140104,Jammu Kashmir
udupi,0.0028038173612527253,0.5225500080264252,0.7868691081155228,0.4359249202241284,514.0,267.0,31.0,0.7309966131444958,Karnataka
ujjain,0.010536794730744824,0.4884959413427391,0.6245973554304673,0.45168768471319626,2954.0,1999.0,734.0,0.8179799258732365,Madhya Pradesh
ukhrul,0.0,0.48522266546375503,0.7056000608702269,0.4778801943499386,0.0,0.0,0.0,0.8903293079781843,Manipur
umaria,0.0023665669485810298,0.487134707905912,0.5531873974421411,0.4493019086230803,209.0,152.0,224.0,0.8213367949655792,Madhya Pradesh
una,0.001865323922303253,0.4940413260088301,0.766952624176617,0.4131948508460722,134.0,96.0,108.0,0.8883788691112565,Himachal Pradesh
unnao,0.0,0.475580907917244,0.5705838467594078,0.3618440164884005,0.0,0.0,0.0,0.507933209545146,Uttar Pradesh
upper siang,0.0,0.4705832389580974,0.5151472253680635,0.49954699886749715,0.0,0.0,0.0,0.8608477484200336,Arunachal Pradesh
upper subansiri,0.0,0.4995925606365641,0.5425893969897421,0.3998897517016585,0.0,0.0,0.0,0.8984787420895686,Arunachal Pradesh
uttar bastar kanker,0.009605506759188366,0.5015121351348103,0.608915789094201,0.5198794030504406,958.0,744.0,290.0,0.8567130482338947,Chhattisgarh
uttar dinajpur,0.003833016505375109,0.48420456155262787,0.49537765859452887,0.35769140982743036,1570.0,1157.0,544.0,0.964391209267349,West Bengal
uttara kannada,0.0036086524271383676,0.49466207523262745,0.7528036020815924,0.4234199318243018,769.0,458.0,112.0,0.7365613328412566,Karnataka
uttarkashi,0.0021896632924846807,0.4892331089473652,0.6517271256581618,0.47646976848457673,116.0,55.0,23.0,0.9133941581537167,Uttarakh
vadodara,0.0008804018986550478,0.48297422764309617,0.6945126614823319,0.4065350561956354,546.3333333333334,321.3333333333333,6.333333333333333,0.8807651502657977,Gujarat
vaishali,0.0031745915110893874,0.4722392225969458,0.5512813799974307,0.3033870182754267,1460.0,1165.0,1360.0,0.9232627633092353,Bihar
valsad,0.0018511085481531056,0.4798420334904947,0.6863294244282918,0.43574754437824725,469.0,278.0,96.0,0.8754491879610861,Gujarat
varanasi,0.0009006840737347352,0.47730755830888527,0.6537957447711228,0.3319991264240145,512.0,271.5,173.5,0.36039850904021953,Uttar Pradesh
vellore,0.0022613880289961844,0.5016455679159095,0.7046988680575896,0.429163604381847,1200.0,906.0,697.0,0.955810382068986,Tamil Nadu
vidisha,0.013646181946543937,0.4724921600548368,0.591495501670808,0.3772783823151401,2847.0,1863.0,951.0,0.8518014194789236,Madhya Pradesh
viluppuram,0.0035621505896488133,0.49670918822402554,0.6348241175666178,0.4924288923010472,1673.0,1242.0,288.0,0.9889560631271324,Tamil Nadu
virudhunagar,0.007113930631524826,0.5017685327819561,0.7201753807880191,0.4891952171871525,1909.0,1360.0,924.0,0.9424127362518097,Tamil Nadu
visakhapatnam,0.0022505184610804624,0.5014880241384109,0.598577258273864,0.4404707605412683,1383.0,901.5,450.0,0.9694922611274437,Hra Pradesh
vizianagaram,0.0025366293261328637,0.5045895156013673,0.5282157106455435,0.4939112141998589,886.0,521.0,197.0,0.9999965936487991,Hra Pradesh
wardha,0.022009978582943228,0.48616362258163215,0.7837318396585418,0.4675946782454139,4296.0,2477.5,454.0,0.46172299238456666,Maharashtra
washim,0.0057267336519399295,0.4818553910922517,0.7266505730228207,0.47595308897724614,1042.0,580.0,0.0,0.3258158165328106,Maharashtra
wayanad,0.005051933633573005,0.5085953365466958,0.7897837097208289,0.416037043380392,619.0,358.0,195.0,0.9381022755956815,Kerala
west,0.029470321609138192,0.47595943035033744,0.727971385941041,0.42969851823553334,1122.0,683.6666666666666,396.3333333333333,0.6395512681853809,Sikkim
west garo hills,0.0,0.4960927480720234,0.5576045677617129,0.3974764142510932,0.0,0.0,0.0,0.9350247187448665,Meghalaya
west godavari,0.002055963719081968,0.5009055196311067,0.6737139716218021,0.4503752381910334,1134.0,781.0,417.0,0.9096961446503982,Hra Pradesh
west kameng,0.0,0.45018880960606095,0.5776501840446948,0.5061884284131655,0.0,0.0,0.0,0.8017664893014176,Arunachal Pradesh
west khasi hills,1.1022678283348505e-05,0.4948247670558414,0.6015683472373984,0.4259755229345357,1.0,0.0,1.3333333333333333,0.8952909237385661,Meghalaya
west siang,0.0,0.48191032652261434,0.5766784829969539,0.43800879990024405,0.0,0.0,0.0,0.8501541024793281,Arunachal Pradesh
west tripura,0.002809290408967482,0.4904049801273541,0.7888527755355822,0.4045675504812721,656.0,491.0,79.0,0.9540412440154646,Tripura
wokha,0.0,0.49198343182460336,0.7707447863751405,0.4713874343976001,0.0,0.0,0.0,0.2702696482776322,Nagal
yadgir,0.001072645613056022,0.49728044037534774,0.4343145662287496,0.4664136302437853,176.0,122.0,0.0,0.9103749016335837,Karnataka
yamunanagar,0.005247756029744347,0.4673733018724186,0.6855983956580644,0.3205661317487574,958.5,549.0,361.5,0.9093818324731848,Haryana
yavatmal,0.005939905508318022,0.4878114147285983,0.729552711275785,0.48911572428858135,2378.0,1518.0,0.0,0.3719447924496933,Maharashtra
zunheboto,9.008647322430362e-05,0.49404292504102815,0.7309121393607423,0.5645616203812244,3.0,0.0,4.0,0.2644939518057186,Nagal
